document_id,document_date,document_type,author_name,author_organization,recipient_text,subject_line,text,related_purchase_order,related_shipment_number,related_case_number,visibility_level,has_related_purchase_order,has_related_shipment_number,has_related_case_number,doc_type_internal_memorandum,doc_type_inventory_explanation,doc_type_meeting_record,doc_type_procurement_note,doc_type_security_instruction,doc_type_shipment_report,visibility_confidential,visibility_internal,visibility_restricted
MEM-510062,2024-04-30,inventory_explanation,Soren Kade,Meridian BioLogistics,Restricted operations and compliance group,April Biological-Unit Reconciliation,"SUBJECT
Unresolved biological-unit imbalance following April inventory reconciliation.

CONTEXT
The monthly reconciliation reviewed receipts, declared internal use, documented waste, adjustments, and outbound records for the controlled biological-sample category. Adjustment ADJ-2022-00088 was included in the review. Unit conversions were checked against the current item master.

FINDINGS
The opening balance and posted receipts reconcile with the warehouse ledger. Declared internal use and waste are supported by signed records. The outbound register accounts for the listed shipments, but the calculated closing balance remains above the physical count. A recount by a second controller produced the same result. No temperature excursion or damaged-container report explains the difference.

The discrepancy is concentrated in sealed biological units handled under restricted authorization. Similar differences have occurred in earlier periods, although their direction and size vary. Ordinary causes such as delayed posting, split batches, unit conversion, and transfer between storage locations remain under review.

ACTION
Maintain the adjustment as provisional, suspend automatic closure of the period, and obtain the secure dispatch register for comparison. This memorandum establishes a material sink in the accounting sequence; it does not identify a destination, user, or purpose.",none,none,none,restricted,0,0,0,0,1,0,0,0,0,0,0,1
MEM-510100,2023-08-17,security_instruction,Soren Kade,Meridian BioLogistics,Restricted operations and compliance group,Secure Delivery Record-Handling Instruction,"SCOPE
This instruction applies to staff handling secure delivery records associated with shipment SHP-2022-00011 and related restricted consignments.

CONTROL REQUIREMENTS
Records marked CHAMELEO are to be routed through the designated compliance queue. Staff must verify the receiving facility code, named authorization class, seal number, and temperature-control record before release. Copies are not to be attached to ordinary customer correspondence. Route changes require approval from the security manager and the duty compliance officer.

RESPONSIBILITIES
Operations staff retain the ordinary shipment record. Security staff retain the sealed routing appendix. Warehouse staff record only the declared cargo category and quantity in the standard inventory system. Any mismatch between the standard record and the restricted appendix must be escalated rather than corrected locally.

ESCALATION
Contact the secure-delivery desk for missing signatures, unexplained destination changes, or requests to bypass the receiving scan. The code identifies a handling and governance procedure. This instruction does not explain the programme's wider purpose, the ownership of the designation, or the final use of any cargo.",none,SHP-2022-00011,none,restricted,0,1,0,0,0,0,0,1,0,0,0,1
MEM-510101,2025-03-14,meeting_record,Soren Kade,Meridian BioLogistics,Restricted operations and compliance group,Restricted CHAMELEO Governance Review,"MEETING RECORD — RESTRICTED GOVERNANCE REVIEW

Attendees included the executive chair, the secure-delivery manager, clinical programme counsel, and the records secretary.

AGENDA
1. Authority for CHAMELEO routing.
2. Relationship between programme designation and executive approvals.
3. Separation of ordinary corporate records from restricted appendices.

DISCUSSION
The chair confirmed that Unwabu is the designation used in the restricted governance schedule for the authority approving CHAMELEO exceptions. The same schedule assigns final escalation to the Meridian executive office. Participants agreed that ordinary employees should see only shipment, inventory, and compliance fields needed for their roles. The secretary noted that earlier instructions treated CHAMELEO as a handling code, while the governance schedule links it to a named authority.

DECISIONS
The secure-delivery manager will maintain the restricted appendix. Compliance will retain a cross-reference between the designation, executive approvals, and affected routes. No change will be made to public corporate filings.

LIMITS
This record establishes an Unwabu–CHAMELEO–Meridian authority bridge. The meeting did not review other networks, biological questions, ecological material, or destination records.

The chair instructed staff not to alter existing operational records retrospectively. Any reconciliation should be recorded as a new governance note with a visible date and responsible role. The meeting did not review ecological evidence or clinical files, and participants were reminded that their authority was limited to routing and programme governance.",none,SHP-2023-00035,none,restricted,0,1,0,0,0,1,0,0,0,0,0,1
MEM-510128,2018-05-15,internal_memorandum,Adrian Vosmere,Vosmere Biotechnics,"Operations, finance, and compliance",Internal Operations Memorandum 56,"SUBJECT
Operational review of cold-chain reconciliation.

CONTEXT
Records SHP-2020-00019 were checked against the ordinary approval path.

FACTS
Dates, quantities, and facility codes are consistent. One document arrived after the accounting cut-off and requires a visible late-posting note.

ACTION
The process owner will attach the source record and close the review after second-person approval.

The operational issue concerns cold-chain reconciliation and was reviewed through the ordinary procurement, shipment, and inventory records.

Quantities, units, authorizations, facility codes, and dates were compared before any adjustment was proposed.

The memo records a practical decision and named owner without inferring an undisclosed purpose.

Ordinary causes include posting delay, split batches, transfer timing, supplier substitution, and documentation lag.

Restricted handling is treated as a control category rather than evidence of a hidden programme.",none,SHP-2020-00019,none,restricted,0,1,0,1,0,0,0,0,0,0,0,1
MEM-510069,2021-10-22,internal_memorandum,Dr. Elias Voss,Meridian BioLogistics,"Operations, finance, and compliance",Internal Operations Memorandum 57,"SUBJECT
Operational review of supplier onboarding.

CONTEXT
Records ADJ-2019-00052 were checked against the ordinary approval path.

FACTS
Dates, quantities, and facility codes are consistent. One document arrived after the accounting cut-off and requires a visible late-posting note.

ACTION
The process owner will attach the source record and close the review after second-person approval.

The operational issue concerns supplier onboarding and was reviewed through the ordinary procurement, shipment, and inventory records.

Quantities, units, authorizations, facility codes, and dates were compared before any adjustment was proposed.

The memo records a practical decision and named owner without inferring an undisclosed purpose.

Ordinary causes include posting delay, split batches, transfer timing, supplier substitution, and documentation lag.

Restricted handling is treated as a control category rather than evidence of a hidden programme.",none,none,none,internal,0,0,0,1,0,0,0,0,0,0,1,0
MEM-510030,2024-03-02,internal_memorandum,Jacob Vale,Vale Strategy Collective,"Operations, finance, and compliance",Internal Operations Memorandum 58,"SUBJECT
Operational review of shipment exception.

CONTEXT
Records  were checked against the ordinary approval path.

FACTS
Dates, quantities, and facility codes are consistent. One document arrived after the accounting cut-off and requires a visible late-posting note.

ACTION
The process owner will attach the source record and close the review after second-person approval.

The operational issue concerns shipment exception and was reviewed through the ordinary procurement, shipment, and inventory records.

Quantities, units, authorizations, facility codes, and dates were compared before any adjustment was proposed.

The memo records a practical decision and named owner without inferring an undisclosed purpose.

Ordinary causes include posting delay, split batches, transfer timing, supplier substitution, and documentation lag.

Restricted handling is treated as a control category rather than evidence of a hidden programme.",none,none,ACC-2019-0005,restricted,0,0,1,1,0,0,0,0,0,0,0,1
MEM-510080,2019-08-09,internal_memorandum,Soren Kade,Meridian BioLogistics,"Operations, finance, and compliance",Internal Operations Memorandum 59,"SUBJECT
Operational review of inventory close.

CONTEXT
Records  were checked against the ordinary approval path.

FACTS
Dates, quantities, and facility codes are consistent. One document arrived after the accounting cut-off and requires a visible late-posting note.

ACTION
The process owner will attach the source record and close the review after second-person approval.

The operational issue concerns inventory close and was reviewed through the ordinary procurement, shipment, and inventory records.

Quantities, units, authorizations, facility codes, and dates were compared before any adjustment was proposed.

The memo records a practical decision and named owner without inferring an undisclosed purpose.

Ordinary causes include posting delay, split batches, transfer timing, supplier substitution, and documentation lag.

Restricted handling is treated as a control category rather than evidence of a hidden programme.",none,none,REG-2024-0036,restricted,0,0,1,1,0,0,0,0,0,0,0,1
MEM-510059,2022-01-16,internal_memorandum,Amara Senn,Kintara Cave and Pollinator Authority,"Operations, finance, and compliance",Internal Operations Memorandum 60,"SUBJECT
Operational review of secure records handling.

CONTEXT
Records PO-2022-00044 were checked against the ordinary approval path.

FACTS
Dates, quantities, and facility codes are consistent. One document arrived after the accounting cut-off and requires a visible late-posting note.

ACTION
The process owner will attach the source record and close the review after second-person approval.

The operational issue concerns secure records handling and was reviewed through the ordinary procurement, shipment, and inventory records.

Quantities, units, authorizations, facility codes, and dates were compared before any adjustment was proposed.

The memo records a practical decision and named owner without inferring an undisclosed purpose.

Ordinary causes include posting delay, split batches, transfer timing, supplier substitution, and documentation lag.

Restricted handling is treated as a control category rather than evidence of a hidden programme.",PO-2022-00044,none,none,confidential,1,0,0,1,0,0,0,0,0,1,0,0
MEM-510074,2025-06-23,procurement_note,Niko Verran,Northstar Cold Chain Services,"Operations, finance, and compliance",Procurement Justification 61,"REQUEST
Procurement request  for standard programme supplies.

JUSTIFICATION
The requested quantity reflects scheduled use, safety stock, and expected delivery time.

SUPPLIER AND QUANTITY
The approved supplier and unit match the item master. No substitution is authorized without written review.

AUTHORIZATION
Proceed within the declared cost center and ordinary approval threshold.

The operational issue concerns procurement authorization and was reviewed through the ordinary procurement, shipment, and inventory records.

Quantities, units, authorizations, facility codes, and dates were compared before any adjustment was proposed.

The memo records a practical decision and named owner without inferring an undisclosed purpose.

Ordinary causes include posting delay, split batches, transfer timing, supplier substitution, and documentation lag.",none,SHP-2022-00025,none,confidential,0,1,0,0,0,0,1,0,0,1,0,0
MEM-510018,2020-11-03,procurement_note,Celene Varro,Solvane Energy Group,"Operations, finance, and compliance",Procurement Justification 62,"REQUEST
Procurement request  for standard programme supplies.

JUSTIFICATION
The requested quantity reflects scheduled use, safety stock, and expected delivery time.

SUPPLIER AND QUANTITY
The approved supplier and unit match the item master. No substitution is authorized without written review.

AUTHORIZATION
Proceed within the declared cost center and ordinary approval threshold.

The operational issue concerns warehouse access and was reviewed through the ordinary procurement, shipment, and inventory records.

Quantities, units, authorizations, facility codes, and dates were compared before any adjustment was proposed.

The memo records a practical decision and named owner without inferring an undisclosed purpose.

Ordinary causes include posting delay, split batches, transfer timing, supplier substitution, and documentation lag.",none,none,none,confidential,0,0,0,0,0,0,1,0,0,1,0,0
MEM-510021,2023-04-10,procurement_note,Oskar Nivren,Nivren Maritime Logistics,"Operations, finance, and compliance",Procurement Justification 63,"REQUEST
Procurement request  for standard programme supplies.

JUSTIFICATION
The requested quantity reflects scheduled use, safety stock, and expected delivery time.

SUPPLIER AND QUANTITY
The approved supplier and unit match the item master. No substitution is authorized without written review.

AUTHORIZATION
Proceed within the declared cost center and ordinary approval threshold.

The operational issue concerns case follow-up and was reviewed through the ordinary procurement, shipment, and inventory records.

Quantities, units, authorizations, facility codes, and dates were compared before any adjustment was proposed.

The memo records a practical decision and named owner without inferring an undisclosed purpose.

Ordinary causes include posting delay, split batches, transfer timing, supplier substitution, and documentation lag.",none,none,ACC-2018-0024,restricted,0,0,1,0,0,0,1,0,0,0,0,1
MEM-510061,2018-09-17,procurement_note,Adrienne Solva,Ardena Capital Union,"Operations, finance, and compliance",Procurement Justification 64,"REQUEST
Procurement request  for standard programme supplies.

JUSTIFICATION
The requested quantity reflects scheduled use, safety stock, and expected delivery time.

SUPPLIER AND QUANTITY
The approved supplier and unit match the item master. No substitution is authorized without written review.

AUTHORIZATION
Proceed within the declared cost center and ordinary approval threshold.

The operational issue concerns cold-chain reconciliation and was reviewed through the ordinary procurement, shipment, and inventory records.

Quantities, units, authorizations, facility codes, and dates were compared before any adjustment was proposed.

The memo records a practical decision and named owner without inferring an undisclosed purpose.

Ordinary causes include posting delay, split batches, transfer timing, supplier substitution, and documentation lag.",none,none,REG-2022-0022,internal,0,0,1,0,0,0,1,0,0,0,1,0
MEM-510050,2021-02-24,procurement_note,Tomas Pell,Helix Legal and Compliance,"Operations, finance, and compliance",Procurement Justification 65,"REQUEST
Procurement request PO-2023-00038 for standard programme supplies.

JUSTIFICATION
The requested quantity reflects scheduled use, safety stock, and expected delivery time.

SUPPLIER AND QUANTITY
The approved supplier and unit match the item master. No substitution is authorized without written review.

AUTHORIZATION
Proceed within the declared cost center and ordinary approval threshold.

The operational issue concerns supplier onboarding and was reviewed through the ordinary procurement, shipment, and inventory records.

Quantities, units, authorizations, facility codes, and dates were compared before any adjustment was proposed.

The memo records a practical decision and named owner without inferring an undisclosed purpose.

Ordinary causes include posting delay, split batches, transfer timing, supplier substitution, and documentation lag.",PO-2023-00038,none,none,internal,1,0,0,0,0,0,1,0,0,0,1,0
MEM-510006,2024-07-04,shipment_report,Nora Essen,Meridian BioLogistics,"Operations, finance, and compliance",Shipment Exception Report 66,"ROUTE
Shipment SHP-2023-00059 moved between the recorded origin and destination facilities.

CARGO AND TIMING
The declared cargo category, quantity, and temperature class were checked. Arrival was delayed but remained within the allowable handling window.

EXCEPTION
A receiving scan was posted after unloading.

ACTION
Retain the carrier note and close after compliance review.

The operational issue concerns shipment exception and was reviewed through the ordinary procurement, shipment, and inventory records.

Quantities, units, authorizations, facility codes, and dates were compared before any adjustment was proposed.

The memo records a practical decision and named owner without inferring an undisclosed purpose.

Ordinary causes include posting delay, split batches, transfer timing, supplier substitution, and documentation lag.

Restricted handling is treated as a control category rather than evidence of a hidden programme.

ROUTING NOTE
The phrase external destination refers here to a customer facility outside the company's warehouse network, not to a location outside terrestrial transport registries.",none,SHP-2023-00059,none,confidential,0,1,0,0,0,0,0,0,1,1,0,0
MEM-510105,2019-12-11,shipment_report,Varen Valek,Northstar Cold Chain Services,"Operations, finance, and compliance",Shipment Exception Report 67,"ROUTE
Shipment  moved between the recorded origin and destination facilities.

CARGO AND TIMING
The declared cargo category, quantity, and temperature class were checked. Arrival was delayed but remained within the allowable handling window.

EXCEPTION
A receiving scan was posted after unloading.

ACTION
Retain the carrier note and close after compliance review.

The operational issue concerns inventory close and was reviewed through the ordinary procurement, shipment, and inventory records.

Quantities, units, authorizations, facility codes, and dates were compared before any adjustment was proposed.

The memo records a practical decision and named owner without inferring an undisclosed purpose.

Ordinary causes include posting delay, split batches, transfer timing, supplier substitution, and documentation lag.

Restricted handling is treated as a control category rather than evidence of a hidden programme.",none,none,none,restricted,0,0,0,0,0,0,0,0,1,0,0,1
MEM-510022,2022-05-18,shipment_report,Nadia Cevan,Whitehaven Strategic Holdings,"Operations, finance, and compliance",Shipment Exception Report 68,"ROUTE
Shipment  moved between the recorded origin and destination facilities.

CARGO AND TIMING
The declared cargo category, quantity, and temperature class were checked. Arrival was delayed but remained within the allowable handling window.

EXCEPTION
A receiving scan was posted after unloading.

ACTION
Retain the carrier note and close after compliance review.

The operational issue concerns secure records handling and was reviewed through the ordinary procurement, shipment, and inventory records.

Quantities, units, authorizations, facility codes, and dates were compared before any adjustment was proposed.

The memo records a practical decision and named owner without inferring an undisclosed purpose.

Ordinary causes include posting delay, split batches, transfer timing, supplier substitution, and documentation lag.

Restricted handling is treated as a control category rather than evidence of a hidden programme.",none,none,ACC-2023-0047,confidential,0,0,1,0,0,0,0,0,1,1,0,0
MEM-510047,2025-10-25,shipment_report,Ilia Toren,Valenne Industrial Futures Council,"Operations, finance, and compliance",Shipment Exception Report 69,"ROUTE
Shipment  moved between the recorded origin and destination facilities.

CARGO AND TIMING
The declared cargo category, quantity, and temperature class were checked. Arrival was delayed but remained within the allowable handling window.

EXCEPTION
A receiving scan was posted after unloading.

ACTION
Retain the carrier note and close after compliance review.

The operational issue concerns procurement authorization and was reviewed through the ordinary procurement, shipment, and inventory records.

Quantities, units, authorizations, facility codes, and dates were compared before any adjustment was proposed.

The memo records a practical decision and named owner without inferring an undisclosed purpose.

Ordinary causes include posting delay, split batches, transfer timing, supplier substitution, and documentation lag.

Restricted handling is treated as a control category rather than evidence of a hidden programme.",none,none,REG-2024-0009,internal,0,0,1,0,0,0,0,0,1,0,1,0
MEM-510099,2020-03-05,shipment_report,Nora Yorin,Vale Strategy Collective,"Operations, finance, and compliance",Shipment Exception Report 70,"ROUTE
Shipment  moved between the recorded origin and destination facilities.

CARGO AND TIMING
The declared cargo category, quantity, and temperature class were checked. Arrival was delayed but remained within the allowable handling window.

EXCEPTION
A receiving scan was posted after unloading.

ACTION
Retain the carrier note and close after compliance review.

The operational issue concerns warehouse access and was reviewed through the ordinary procurement, shipment, and inventory records.

Quantities, units, authorizations, facility codes, and dates were compared before any adjustment was proposed.

The memo records a practical decision and named owner without inferring an undisclosed purpose.

Ordinary causes include posting delay, split batches, transfer timing, supplier substitution, and documentation lag.

Restricted handling is treated as a control category rather than evidence of a hidden programme.",PO-2024-00016,none,none,confidential,1,0,0,0,0,0,0,0,1,1,0,0
MEM-510119,2023-08-12,inventory_explanation,Amina Soren,Earth Ledger Project,"Operations, finance, and compliance",Inventory Reconciliation Explanation 71,"PERIOD
Inventory explanation related to SHP-2025-00034.

DISCREPANCY
The physical count differed modestly from the posted balance.

REVIEWED CAUSES
A split batch, late issue posting, and unit-rounding were examined. The available records support an ordinary reconciliation adjustment.

ADJUSTMENT
Post the correction with second-person approval and retain the count sheet.

The operational issue concerns case follow-up and was reviewed through the ordinary procurement, shipment, and inventory records.

Quantities, units, authorizations, facility codes, and dates were compared before any adjustment was proposed.

The memo records a practical decision and named owner without inferring an undisclosed purpose.

Ordinary causes include posting delay, split batches, transfer timing, supplier substitution, and documentation lag.

Restricted handling is treated as a control category rather than evidence of a hidden programme.",none,SHP-2025-00034,none,confidential,0,1,0,0,1,0,0,0,0,1,0,0
MEM-510125,2018-01-19,inventory_explanation,Bela Ferran,Helix Legal and Compliance,"Operations, finance, and compliance",Inventory Reconciliation Explanation 72,"PERIOD
Inventory explanation related to ADJ-2024-00117.

DISCREPANCY
The physical count differed modestly from the posted balance.

REVIEWED CAUSES
A split batch, late issue posting, and unit-rounding were examined. The available records support an ordinary reconciliation adjustment.

ADJUSTMENT
Post the correction with second-person approval and retain the count sheet.

The operational issue concerns cold-chain reconciliation and was reviewed through the ordinary procurement, shipment, and inventory records.

Quantities, units, authorizations, facility codes, and dates were compared before any adjustment was proposed.

The memo records a practical decision and named owner without inferring an undisclosed purpose.

Ordinary causes include posting delay, split batches, transfer timing, supplier substitution, and documentation lag.

Restricted handling is treated as a control category rather than evidence of a hidden programme.",none,none,none,internal,0,0,0,0,1,0,0,0,0,0,1,0
MEM-510067,2021-06-26,inventory_explanation,Yana Naven,Meridian–Asterion Foundation,"Operations, finance, and compliance",Inventory Reconciliation Explanation 73,"PERIOD
Inventory explanation related to .

DISCREPANCY
The physical count differed modestly from the posted balance.

REVIEWED CAUSES
A split batch, late issue posting, and unit-rounding were examined. The available records support an ordinary reconciliation adjustment.

ADJUSTMENT
Post the correction with second-person approval and retain the count sheet.

The operational issue concerns supplier onboarding and was reviewed through the ordinary procurement, shipment, and inventory records.

Quantities, units, authorizations, facility codes, and dates were compared before any adjustment was proposed.

The memo records a practical decision and named owner without inferring an undisclosed purpose.

Ordinary causes include posting delay, split batches, transfer timing, supplier substitution, and documentation lag.

Restricted handling is treated as a control category rather than evidence of a hidden programme.",none,none,ACC-2020-0008,restricted,0,0,1,0,1,0,0,0,0,0,0,1
MEM-510090,2024-11-06,inventory_explanation,Calen Lask,Solvane Energy Group,"Operations, finance, and compliance",Inventory Reconciliation Explanation 74,"PERIOD
Inventory explanation related to .

DISCREPANCY
The physical count differed modestly from the posted balance.

REVIEWED CAUSES
A split batch, late issue posting, and unit-rounding were examined. The available records support an ordinary reconciliation adjustment.

ADJUSTMENT
Post the correction with second-person approval and retain the count sheet.

The operational issue concerns shipment exception and was reviewed through the ordinary procurement, shipment, and inventory records.

Quantities, units, authorizations, facility codes, and dates were compared before any adjustment was proposed.

The memo records a practical decision and named owner without inferring an undisclosed purpose.

Ordinary causes include posting delay, split batches, transfer timing, supplier substitution, and documentation lag.

Restricted handling is treated as a control category rather than evidence of a hidden programme.",none,none,REG-2024-0036,restricted,0,0,1,0,1,0,0,0,0,0,0,1
MEM-510089,2019-04-13,security_instruction,Nadia Aren,Nivren Maritime Logistics,"Operations, finance, and compliance",Records Security Instruction 75,"SCOPE
Security instruction for inventory close and associated restricted records.

CONTROLS
Verify role authorization, use the approved repository, and do not copy restricted appendices into ordinary email.

RESPONSIBILITIES
The process owner maintains access logs; compliance reviews exceptions.

ESCALATION
Report missing signatures or route changes to the duty manager.

The operational issue concerns inventory close and was reviewed through the ordinary procurement, shipment, and inventory records.

Quantities, units, authorizations, facility codes, and dates were compared before any adjustment was proposed.

The memo records a practical decision and named owner without inferring an undisclosed purpose.

Ordinary causes include posting delay, split batches, transfer timing, supplier substitution, and documentation lag.

LEGACY SYSTEM
CHAMELEO was also the name of a discontinued color-coded compliance dashboard; references to that interface should be archived separately from current secure-delivery records.",PO-2025-00039,none,none,internal,1,0,0,0,0,0,0,1,0,0,1,0
MEM-510096,2022-09-20,security_instruction,Kellan Toren,Ardena Capital Union,"Operations, finance, and compliance",Records Security Instruction 76,"SCOPE
Security instruction for secure records handling and associated restricted records.

CONTROLS
Verify role authorization, use the approved repository, and do not copy restricted appendices into ordinary email.

RESPONSIBILITIES
The process owner maintains access logs; compliance reviews exceptions.

ESCALATION
Report missing signatures or route changes to the duty manager.

The operational issue concerns secure records handling and was reviewed through the ordinary procurement, shipment, and inventory records.

Quantities, units, authorizations, facility codes, and dates were compared before any adjustment was proposed.

The memo records a practical decision and named owner without inferring an undisclosed purpose.

Ordinary causes include posting delay, split batches, transfer timing, supplier substitution, and documentation lag.",none,SHP-2018-00041,none,confidential,0,1,0,0,0,0,0,1,0,1,0,0
MEM-510002,2025-02-27,security_instruction,Alina Istra,Meridian BioLogistics,"Operations, finance, and compliance",Records Security Instruction 77,"SCOPE
Security instruction for procurement authorization and associated restricted records.

CONTROLS
Verify role authorization, use the approved repository, and do not copy restricted appendices into ordinary email.

RESPONSIBILITIES
The process owner maintains access logs; compliance reviews exceptions.

ESCALATION
Report missing signatures or route changes to the duty manager.

The operational issue concerns procurement authorization and was reviewed through the ordinary procurement, shipment, and inventory records.

Quantities, units, authorizations, facility codes, and dates were compared before any adjustment was proposed.

The memo records a practical decision and named owner without inferring an undisclosed purpose.

Ordinary causes include posting delay, split batches, transfer timing, supplier substitution, and documentation lag.",none,none,none,confidential,0,0,0,0,0,0,0,1,0,1,0,0
MEM-510013,2020-07-07,security_instruction,Kira Norel,Northstar Cold Chain Services,"Operations, finance, and compliance",Records Security Instruction 78,"SCOPE
Security instruction for warehouse access and associated restricted records.

CONTROLS
Verify role authorization, use the approved repository, and do not copy restricted appendices into ordinary email.

RESPONSIBILITIES
The process owner maintains access logs; compliance reviews exceptions.

ESCALATION
Report missing signatures or route changes to the duty manager.

The operational issue concerns warehouse access and was reviewed through the ordinary procurement, shipment, and inventory records.

Quantities, units, authorizations, facility codes, and dates were compared before any adjustment was proposed.

The memo records a practical decision and named owner without inferring an undisclosed purpose.

Ordinary causes include posting delay, split batches, transfer timing, supplier substitution, and documentation lag.",none,none,ACC-2023-0028,restricted,0,0,1,0,0,0,0,1,0,0,0,1
MEM-510065,2023-12-14,meeting_record,Nora Faron,Whitehaven Strategic Holdings,"Operations, finance, and compliance",Operations Meeting Record 79,"MEETING RECORD
Date and attendees recorded for the case follow-up review.

AGENDA
Documentation timing, ownership, and open exceptions.

DISCUSSION
The group reviewed the active case and agreed that ordinary process delay was the leading explanation.

DECISIONS
Assign an owner, retain the evidence, and review closure at the next meeting.

The operational issue concerns case follow-up and was reviewed through the ordinary procurement, shipment, and inventory records.

Quantities, units, authorizations, facility codes, and dates were compared before any adjustment was proposed.

The memo records a practical decision and named owner without inferring an undisclosed purpose.

Ordinary causes include posting delay, split batches, transfer timing, supplier substitution, and documentation lag.

Restricted handling is treated as a control category rather than evidence of a hidden programme.

Any unresolved difference remains open for reconciliation through source-local references.

The operational issue concerns case follow-up and was reviewed through the ordinary procurement, shipment, and inventory records.

Quantities, units, authorizations, facility codes, and dates were compared before any adjustment was proposed.

The memo records a practical decision and named owner without inferring an undisclosed purpose.

Ordinary causes include posting delay, split batches, transfer timing, supplier substitution, and documentation lag.",none,none,REG-2022-0022,internal,0,0,1,0,0,1,0,0,0,0,1,0
MEM-510014,2018-05-21,meeting_record,Zoren Palen,Valenne Industrial Futures Council,"Operations, finance, and compliance",Operations Meeting Record 80,"MEETING RECORD
Date and attendees recorded for the cold-chain reconciliation review.

AGENDA
Documentation timing, ownership, and open exceptions.

DISCUSSION
The group reviewed PO-2017-00006 and agreed that ordinary process delay was the leading explanation.

DECISIONS
Assign an owner, retain the evidence, and review closure at the next meeting.

The operational issue concerns cold-chain reconciliation and was reviewed through the ordinary procurement, shipment, and inventory records.

Quantities, units, authorizations, facility codes, and dates were compared before any adjustment was proposed.

The memo records a practical decision and named owner without inferring an undisclosed purpose.

Ordinary causes include posting delay, split batches, transfer timing, supplier substitution, and documentation lag.

Restricted handling is treated as a control category rather than evidence of a hidden programme.

Any unresolved difference remains open for reconciliation through source-local references.

The operational issue concerns cold-chain reconciliation and was reviewed through the ordinary procurement, shipment, and inventory records.

Quantities, units, authorizations, facility codes, and dates were compared before any adjustment was proposed.

The memo records a practical decision and named owner without inferring an undisclosed purpose.

Ordinary causes include posting delay, split batches, transfer timing, supplier substitution, and documentation lag.",PO-2017-00006,none,none,internal,1,0,0,0,0,1,0,0,0,0,1,0
MEM-510086,2021-10-01,meeting_record,Miran Lorin,Vale Strategy Collective,"Operations, finance, and compliance",Operations Meeting Record 81,"MEETING RECORD
Date and attendees recorded for the supplier onboarding review.

AGENDA
Documentation timing, ownership, and open exceptions.

DISCUSSION
The group reviewed SHP-2020-00044 and agreed that ordinary process delay was the leading explanation.

DECISIONS
Assign an owner, retain the evidence, and review closure at the next meeting.

The operational issue concerns supplier onboarding and was reviewed through the ordinary procurement, shipment, and inventory records.

Quantities, units, authorizations, facility codes, and dates were compared before any adjustment was proposed.

The memo records a practical decision and named owner without inferring an undisclosed purpose.

Ordinary causes include posting delay, split batches, transfer timing, supplier substitution, and documentation lag.

Restricted handling is treated as a control category rather than evidence of a hidden programme.

Any unresolved difference remains open for reconciliation through source-local references.

The operational issue concerns supplier onboarding and was reviewed through the ordinary procurement, shipment, and inventory records.

Quantities, units, authorizations, facility codes, and dates were compared before any adjustment was proposed.

The memo records a practical decision and named owner without inferring an undisclosed purpose.

Ordinary causes include posting delay, split batches, transfer timing, supplier substitution, and documentation lag.",none,SHP-2020-00044,none,internal,0,1,0,0,0,1,0,0,0,0,1,0
MEM-510091,2024-03-08,meeting_record,Jora Maren,Earth Ledger Project,"Operations, finance, and compliance",Operations Meeting Record 82,"MEETING RECORD
Date and attendees recorded for the shipment exception review.

AGENDA
Documentation timing, ownership, and open exceptions.

DISCUSSION
The group reviewed ADJ-2021-00067 and agreed that ordinary process delay was the leading explanation.

DECISIONS
Assign an owner, retain the evidence, and review closure at the next meeting.

The operational issue concerns shipment exception and was reviewed through the ordinary procurement, shipment, and inventory records.

Quantities, units, authorizations, facility codes, and dates were compared before any adjustment was proposed.

The memo records a practical decision and named owner without inferring an undisclosed purpose.

Ordinary causes include posting delay, split batches, transfer timing, supplier substitution, and documentation lag.

Restricted handling is treated as a control category rather than evidence of a hidden programme.

Any unresolved difference remains open for reconciliation through source-local references.

The operational issue concerns shipment exception and was reviewed through the ordinary procurement, shipment, and inventory records.

Quantities, units, authorizations, facility codes, and dates were compared before any adjustment was proposed.

The memo records a practical decision and named owner without inferring an undisclosed purpose.

Ordinary causes include posting delay, split batches, transfer timing, supplier substitution, and documentation lag.",none,none,none,confidential,0,0,0,0,0,1,0,0,0,1,0,0
