license_number,professional_name,profession,specialty,license_issue_date,license_status,primary_facility_license,registered_region,disciplinary_status,profession_environmental professional,profession_legal professional,profession_physician,profession_public administration professional,profession_research professional,region_Aveloran,region_Kintaran,region_Nordhaven,region_Tembaran,region_Valennan,discipline_none,discipline_resolved administrative review
LIC-VLN-MED-1001,Emil Warden,physician,cardiology,1895-07-01,active,FAC-VLN-101,Valennan,none,0,0,1,0,0,0,0,0,0,1,1,0
LIC-VLN-MED-1002,Dr. Naima Orrel,physician,preventive medicine,2002-07-01,active,FAC-VLN-101,Valennan,none,0,0,1,0,0,0,0,0,0,1,1,0
LIC-VLN-MED-1003,Dr. Corin Hale,physician,cardiac imaging,2002-07-01,active,FAC-AVL-201,Valennan,none,0,0,1,0,0,0,0,0,0,1,1,0
LIC-VLN-MED-1004,Dr. Lysa Quen,physician,medical audit,1995-07-01,active,FAC-VLN-101,Valennan,none,0,0,1,0,0,0,0,0,0,1,1,0
LIC-VLN-MED-1005,Faris Uren,physician,cardiology,1986-07-01,active,FAC-VLN-101,Valennan,none,0,0,1,0,0,0,0,0,0,1,1,0
LIC-VLN-MED-1006,Farah Havel,physician,occupational medicine,2026-07-01,active,FAC-AVL-201,Valennan,none,0,0,1,0,0,0,0,0,0,1,1,0
LIC-KNT-RES-1007,J. Varlan,research professional,ecological analytics,1886-07-01,active,FAC-AVL-301,Kintaran,none,0,0,0,0,1,0,1,0,0,0,1,0
LIC-AVL-RES-1008,Jonah Bell,research professional,public policy research,1924-07-01,active,FAC-AVL-301,Aveloran,none,0,0,0,0,1,1,0,0,0,0,1,0
LIC-VLN-ENV-1009,Julien Marot,environmental professional,wildlife monitoring,1970-07-01,active,FAC-AVL-301,Valennan,none,1,0,0,0,0,0,0,0,0,1,1,0
LIC-AVL-ENV-1010,Ilyan Rho,environmental professional,pollinator ecology,2003-07-01,active,FAC-AVL-301,Aveloran,none,1,0,0,0,0,1,0,0,0,0,1,0
LIC-VLN-RES-1011,Mara Venn,research professional,clinical research,2006-07-01,active,FAC-AVL-301,Valennan,none,0,0,0,0,1,0,0,0,0,1,1,0
LIC-AVL-RES-1012,Selene Aras,research professional,clinical research,2009-07-01,active,FAC-AVL-301,Aveloran,none,0,0,0,0,1,1,0,0,0,0,1,0
LIC-AVL-ADM-1013,Elira Vaun,public administration professional,programme administration,1965-07-01,active,unaffiliated,Aveloran,none,0,0,0,1,0,1,0,0,0,0,1,0
LIC-NDH-LEG-1014,Tomas Pell,legal professional,regulatory compliance,1998-07-01,active,unaffiliated,Nordhaven,none,0,1,0,0,0,0,0,1,0,0,1,0
LIC-AVL-RES-1015,Anika Dren,research professional,public policy research,2006-07-01,active,FAC-AVL-301,Aveloran,none,0,0,0,0,1,1,0,0,0,0,1,0
LIC-VLN-RES-1016,Daria Zaven,physician,general medicine,1990-07-01,active,FAC-VLN-101,Valennan,none,0,0,1,0,0,0,0,0,0,1,1,0
LIC-KNT-ADM-1017,Liora Maren,public administration professional,programme administration,2017-07-01,active,unaffiliated,Kintaran,resolved administrative review,0,0,0,1,0,0,1,0,0,0,0,1
LIC-TMB-ADM-1018,Calen Uren,public administration professional,programme administration,2007-07-01,active,unaffiliated,Tembaran,none,0,0,0,1,0,0,0,0,1,0,1,0
LIC-AVL-ENV-1019,Nadia Istra,environmental professional,environmental assessment,1995-07-01,active,FAC-AVL-301,Aveloran,none,1,0,0,0,0,1,0,0,0,0,1,0
LIC-AVL-ENV-1020,Doran Wessen,environmental professional,wildlife monitoring,1996-07-01,active,FAC-AVL-301,Aveloran,none,1,0,0,0,0,1,0,0,0,0,1,0
LIC-NDH-LEG-1021,Bela Ferran,legal professional,regulatory compliance,2020-07-01,active,unaffiliated,Nordhaven,none,0,1,0,0,0,0,0,1,0,0,1,0
LIC-VLN-ADM-1022,Ilia Perin,public administration professional,programme administration,1992-07-01,active,unaffiliated,Valennan,none,0,0,0,1,0,0,0,0,0,1,1,0
LIC-AVL-RES-1023,Jora Vela,research professional,public policy research,2006-07-01,active,FAC-AVL-301,Aveloran,none,0,0,0,0,1,1,0,0,0,0,1,0
LIC-KNT-ADM-1024,Xara Lask,public administration professional,programme administration,1997-07-01,active,unaffiliated,Kintaran,none,0,0,0,1,0,0,1,0,0,0,1,0
LIC-TMB-ADM-1025,Liora Corda,public administration professional,programme administration,2014-07-01,active,unaffiliated,Tembaran,none,0,0,0,1,0,0,0,0,1,0,1,0
LIC-KNT-ADM-1026,Petra Grell,public administration professional,programme administration,2005-07-01,active,unaffiliated,Kintaran,none,0,0,0,1,0,0,1,0,0,0,1,0
LIC-TMB-ADM-1027,Doran Maren,public administration professional,programme administration,1994-07-01,active,unaffiliated,Tembaran,none,0,0,0,1,0,0,0,0,1,0,1,0
LIC-AVL-ENV-1028,Calen Jaren,environmental professional,environmental assessment,1999-07-01,active,FAC-AVL-301,Aveloran,none,1,0,0,0,0,1,0,0,0,0,1,0
LIC-AVL-ENV-1029,Farah Norel,environmental professional,environmental assessment,1989-07-01,active,FAC-AVL-301,Aveloran,none,1,0,0,0,0,1,0,0,0,0,1,0
LIC-NDH-LEG-1030,Orin Kerin,legal professional,regulatory compliance,1988-07-01,active,unaffiliated,Nordhaven,none,0,1,0,0,0,0,0,1,0,0,1,0
LIC-VLN-ADM-1031,Bela Wessen,public administration professional,programme administration,2016-07-01,active,unaffiliated,Valennan,none,0,0,0,1,0,0,0,0,0,1,1,0
LIC-AVL-RES-1032,Zalia Dalen,research professional,public policy research,2014-07-01,active,FAC-AVL-301,Aveloran,none,0,0,0,0,1,1,0,0,0,0,1,0
LIC-KNT-ADM-1033,Jalen Elen,public administration professional,programme administration,2001-07-01,active,unaffiliated,Kintaran,none,0,0,0,1,0,0,1,0,0,0,1,0
LIC-TMB-ADM-1034,Jalen Quorin,public administration professional,programme administration,2013-07-01,active,unaffiliated,Tembaran,resolved administrative review,0,0,0,1,0,0,0,0,1,0,0,1
LIC-KNT-ADM-1035,Marek Kerin,public administration professional,programme administration,2021-07-01,active,unaffiliated,Kintaran,none,0,0,0,1,0,0,1,0,0,0,1,0
LIC-TMB-ADM-1036,Halen Wessen,public administration professional,programme administration,2002-07-01,active,unaffiliated,Tembaran,none,0,0,0,1,0,0,0,0,1,0,1,0
LIC-AVL-ENV-1037,Liora Uren,environmental professional,environmental assessment,2004-07-01,active,FAC-AVL-301,Aveloran,none,1,0,0,0,0,1,0,0,0,0,1,0
LIC-AVL-ENV-1038,Amina Elen,environmental professional,wildlife monitoring,1988-07-01,active,FAC-AVL-301,Aveloran,none,1,0,0,0,0,1,0,0,0,0,1,0
LIC-NDH-LEG-1039,Pavel Waren,legal professional,regulatory compliance,2011-07-01,active,unaffiliated,Nordhaven,none,0,1,0,0,0,0,0,1,0,0,1,0
LIC-VLN-ADM-1040,Kira Elen,public administration professional,programme administration,2010-07-01,active,unaffiliated,Valennan,none,0,0,0,1,0,0,0,0,0,1,1,0
LIC-AVL-RES-1041,Doran Norel,research professional,public policy research,2012-07-01,active,FAC-AVL-301,Aveloran,none,0,0,0,0,1,1,0,0,0,0,1,0
LIC-KNT-ADM-1042,Kellan Orell,public administration professional,programme administration,2015-07-01,active,unaffiliated,Kintaran,none,0,0,0,1,0,0,1,0,0,0,1,0
LIC-TMB-ADM-1043,Sena Grell,public administration professional,programme administration,2003-07-01,active,unaffiliated,Tembaran,none,0,0,0,1,0,0,0,0,1,0,1,0
LIC-VLN-RES-1044,Ravin Palen,physician,clinical physiology,1995-07-01,active,FAC-VLN-101,Valennan,none,0,0,1,0,0,0,0,0,0,1,1,0
LIC-KNT-ADM-1045,Bela Waren,public administration professional,programme administration,1994-07-01,active,unaffiliated,Kintaran,none,0,0,0,1,0,0,1,0,0,0,1,0
LIC-TMB-ADM-1046,Farah Ferran,public administration professional,programme administration,2006-07-01,active,unaffiliated,Tembaran,none,0,0,0,1,0,0,0,0,1,0,1,0
LIC-AVL-ENV-1047,Jalen Zorin,environmental professional,environmental assessment,2008-07-01,active,FAC-AVL-301,Aveloran,none,1,0,0,0,0,1,0,0,0,0,1,0
LIC-AVL-ENV-1048,Vera Waren,environmental professional,environmental assessment,1991-07-01,active,FAC-AVL-301,Aveloran,none,1,0,0,0,0,1,0,0,0,0,1,0
LIC-NDH-LEG-1049,Daria Garen,legal professional,regulatory compliance,2000-07-01,active,unaffiliated,Nordhaven,none,0,1,0,0,0,0,0,1,0,0,1,0
LIC-VLN-ADM-1050,Jalen Havel,public administration professional,programme administration,1984-07-01,active,unaffiliated,Valennan,none,0,0,0,1,0,0,0,0,0,1,1,0
LIC-AVL-RES-1051,Uma Wessen,research professional,public policy research,2015-07-01,active,FAC-AVL-301,Aveloran,resolved administrative review,0,0,0,0,1,1,0,0,0,0,0,1
LIC-KNT-ADM-1052,Daria Maren,public administration professional,programme administration,2001-07-01,active,unaffiliated,Kintaran,none,0,0,0,1,0,0,1,0,0,0,1,0
LIC-TMB-ADM-1053,Petra Koral,public administration professional,programme administration,2005-07-01,active,unaffiliated,Tembaran,none,0,0,0,1,0,0,0,0,1,0,1,0
