document_id,document_date,collection,document_type,author_name,author_organization,named_location,title,text,public_or_restricted,source_reference,collection_historical_archive,collection_investigative_archive,collection_investigative_repository,collection_official_repository,collection_public_archive,collection_public_interest_archive,access_public,access_restricted
PUB-510045,2022-07-08,investigative_repository,confidential_briefing,Dr. Lysa Quen,Orison Medical Audit Board,Valenne Central District,Restricted Review of Recurrent Executive Health Interventions,"PURPOSE
This restricted briefing summarizes a small set of senior office-holders and corporate leaders who have received recurrent confidential health interventions through overlapping providers.

EVIDENCE REVIEWED
Appointment archives, professional licences, facility records, encounter dates, and restricted procedure summaries were compared. Eight individuals show repeated specialist attendance over several years. Their public roles differ, and no common diagnosis is recorded in the accessible files. The same limited group of clinicians and facilities appears more often than expected from the individuals' home regions and ordinary referral pathways. Several interventions occur shortly before a return to demanding public duties.

INTERPRETATION
The recurrence and provider overlap are supported findings. The purpose of the interventions is not stated in the public record. An elite-health programme, security-related continuity planning, or a private preventive-care arrangement remain plausible explanations. The available documents do not establish a biological mechanism, a contractual exchange, or a common political agenda.

OPTIONS
The review team may request billing and material-flow records, compare biological-age estimates with chronological age, and examine whether the same providers appear in unrelated logistics activity. Any disclosure should distinguish documented recurrence from inference about benefits or intent.

HANDLING
This note contains sensitive health and appointment information. Distribution is limited to the named review group. It must not be represented as a formal determination.

The comparison group included other leaders receiving ordinary executive health reviews. Those controls show isolated confidential visits and occasional shared providers, but not the same combination of recurrence, biological-age divergence, and tightly clustered specialist facilities. This difference is analytically useful, although selection bias and incomplete private-care data could exaggerate it.",restricted,ARC-2022-0103,0,0,1,0,0,0,0,1
PUB-510094,2024-07-12,investigative_repository,research_summary,Selene Aras,Threshold Earth Observatory,Threshold Earth Avelora Laboratory,Opposed Ecological Strategies and Disclosure,"QUESTION
Why do two groups using similar ecological language recommend sharply different forms of action?

METHOD
Public statements, campaign material, institutional memoranda, and research correspondence were coded for references to extraction, emissions, habitat thresholds, disclosure, and institutional control. The analysis focused on repeated phrases rather than individual names.

FINDINGS
One cluster argues that industrial extraction and warming must be reduced because ecological thresholds are being crossed. It favors public records, independent monitoring, and broad accountability. A second cluster also discusses ecological protection but repeatedly couples it with controlled access, continuity of selected programmes, and warnings that unrestricted disclosure could produce instability. The two clusters sometimes use the same evidence while proposing opposite governance responses.

Several documents associated with Jacob Vale fall within the anti-extraction cluster, but ordinary human advocates use overlapping language. Other records favor concealment or tightly managed disclosure without naming a single leader. The pattern supports opposed strategic networks and a tension over concealment; it does not establish the biological identity of any participant.

LIMITATIONS
Authorship is incomplete, some documents may be strategic messaging, and shared vocabulary does not prove common command. Network and historical analysis are required before stronger attribution.

The documents were also compared with ordinary climate campaigns. Human organizations frequently use the same terms—threshold, extraction, accountability, and public interest—without any connection to the restricted networks. The distinction therefore depends on relationships, timing, and policy choices rather than vocabulary alone. The research archive should preserve those ordinary controls when the corpus is analyzed.

Replication with a later, independently collected document set is recommended before assigning command relationships.",public,ARC-2024-0107,0,0,1,0,0,0,1,0
PUB-510043,1942-11-06,public_archive,historical_letter,Emil Warden,Warden Medical Ventures,Valenne Republic,Letter from the Vosmere Commercial Papers,"6 November 1942

Dear M.,

Your note reached me at the old Wren Street address, though the forwarding clerk again placed it among the natural-history circulars. Please use that address only for matters concerning the southern holdings. Mr. V. has agreed that the associate from the coastal enterprise may attend the winter meeting, provided the minutes describe him as a commercial adviser.

The present shortages have encouraged several directors to abandon the long programme. I have advised patience. The advantage is not in a single shipment but in arranging the conditions under which future supply becomes ordinary. We used the same phrase in Valenne: make the route commonplace, and the exceptional passage will cease to attract notice.

I shall travel under the Vosmere papers. The medical enterprise has retained our earlier correspondence, so do not mention the prior name in a reply. Send the revised investment schedule to the Kestrel office and ask whether J. still objects to the expansion proposal.

Yours,
A.

ARCHIVAL NOTE
The letter was catalogued with the Adrian Vosmere commercial papers. The Wren Street address, a named associate, and the phrase concerning an “ordinary route” recur in later files associated with Elias Voss. The similarities support an alias-continuity lead but do not prove that the correspondents are the same person.",public,ARC-1942-0108,0,0,0,0,1,0,1,0
PUB-510033,1962-05-18,public_archive,meeting_extract,Jonah Bell,Bell Conservation Survey,Avelora Federation,Extract from the Eastern Orchard Programme Minutes,"EXTRACT FROM MINUTES — 18 MAY 1962

Present: Jonah Bell, Julien Marot, Jacob Vale, two representatives of the Agricultural Improvement Board, and the secretary.

Agenda item 3 concerned the eastern orchard programme. Mr. Bell argued that warming trends and expanded flowering corridors would increase the reliability of nocturnal pollination. Mr. Marot requested that cave-access agreements be treated as infrastructure rather than wildlife exceptions. Mr. Vale objected to the proposed industrial concessions, stating that a programme dependent on extraction and permanent heat increase would eventually destroy the habitat it claimed to support.

The meeting agreed to continue trial orchards, seek protection for selected roosts, and postpone public discussion of the associated transport arrangements. Mr. Vale asked that his dissent be entered in full. Mr. Bell replied that continuity required discretion and repeated a phrase previously used in the coastal investment committee: “the conditions must become ordinary before the passage can remain unseen.”

ARCHIVAL NOTE
The extract was retained in a later natural-history collection. Names, associates, and strategic language recur across records linked to Jonah Bell, Julien Marot, and Jacob Vale. The document supports continuity of strategy and conflict among participants, but it does not establish that any historical name represents the same biological individual as a later identity.",public,ARC-1962-0109,0,0,0,0,1,0,1,0
PUB-510044,2025-02-21,investigative_repository,investigative_note,Jora Menne,Lantern Investigative Bureau,Valenne Central District,Jacob Vale Identity-Continuity Lead,"LEAD
Jacob Vale may be connected to an unusual clinical subject and to a set of historical aliases, but the chain remains incomplete.

EVIDENCE
A restricted clinical reference contains gait, ocular, and rhythm features that resemble the small physiological cluster identified in another facility. Public appointment and campaign records place Jacob Vale near organizations that repeatedly opposed extraction, warming, and closed ecological programmes. A 1962 meeting extract lists the same name alongside Jonah Bell and Julien Marot. Older correspondence uses related strategic phrases but does not name Vale directly.

LINKS
The clinical subject and the public figure share region, travel intervals, and an uncommon professional association. None of these is a secret identifier. The historical record supplies continuity of associates and language, not a biometric match. Sources disagree on the person's age and early career.

CONFIDENCE
Moderate for an institutional relationship; low to moderate for identity continuity. The evidence does not justify a species claim or a final account of the opposed networks.

NEXT STEPS
Obtain the original registry pages, compare independent photographs without relying on automated matching alone, and seek a second clinical record. Keep the Jacob hypothesis separate from the better-supported Voss linkage.",restricted,ARC-2025-0111,0,0,1,0,0,0,0,1
PUB-510079,2025-04-09,investigative_repository,whistleblower_message,Mara Venn,Lantern Investigative Bureau,Valenne Central District,Message Concerning Collected Eonycteris,"I worked on restricted receiving and reconciliation records. I am sending this because the standard files make the programme look like conservation support, but the handling instructions say something different.

The consignments include live or recently collected *Eonycteris spelaea*. They arrive under wildlife-monitoring or biological-sample descriptions, are consolidated in sealed units, and then disappear from the ordinary inventory sequence. I saw preparation sheets that used the word consumption and matched them to access cases, cold-storage receipts, and adjustment numbers. The animals were not being transferred only for tagging, veterinary examination, or habitat research.

Useful references include the spring Kestrel access file, the secure delivery series, and the biological-unit adjustments reviewed by the warehouse controller. Some copies use CHAMELEO routing, but I cannot explain who controls the entire programme. I did not see a complete destination record, and I cannot confirm the scale beyond the facilities where I worked.

Please verify the references independently. My account supports a consumption purpose for at least part of the collected bats. It does not establish the external route, the full network, or the historical origin of the programme.",restricted,ARC-2025-0113,0,0,1,0,0,0,0,1
PUB-510063,2025-05-16,investigative_repository,confidential_briefing,Mara Venn,Lantern Investigative Bureau,Valenne Central District,Restricted Classification and External-Transfer Assessment,"PURPOSE
This briefing assesses two restricted terms that appear in separate analytical and handling records while preserving the limits of the available evidence.

CLASSIFICATION TERM
The word Chamaeleonidian appears in a restricted classification note associated with the unusual clinical population. The note is not a public taxonomy and does not provide an origin, population estimate, or complete mechanism. Its interpretation is supported indirectly by repeated physiology, public-identity inconsistencies, and historical continuity, but those supporting records remain distributed across different repositories.

EXTERNAL TRANSFER
Several handling records refer to an external destination that cannot be matched to ordinary terrestrial customs, port, aviation, or licensed-facility registries. One restricted note uses the expression non-terrestrial transfer. The absence of a terrestrial registry match, combined with specialized routing language, supports an external-transfer hypothesis. It does not identify the route, destination, carrier, volume, origin world, or total scale.

SOURCE ASSESSMENT
The classification term comes from a restricted record and is corroborated indirectly by several independent observations. The destination language is less direct: it appears in unmatched routing references and in a source account whose access was limited. These evidence classes should not be treated as equally certain. The species interpretation is stronger than any claim about where material ultimately travels.

ASSESSMENT
The two findings can be combined only at a high level: a concealed population is described with a non-human classification term, and some restricted movement is directed beyond ordinary terrestrial registries. The briefing does not explain who governs that movement, what is moved, or why. Historical causality, the number of individuals, and the precise external pathway remain unresolved.

HANDLING
Retain source references and uncertainty labels. Do not convert the external-transfer inference into a precise route claim or treat the classification note as a complete scientific description.",restricted,ARC-2025-0114,0,0,1,0,0,0,0,1
PUB-510076,2025-02-05,investigative_archive,corporate_archive,Jora Menne,Lantern Investigative Bureau,Valenne Central District,Catalog Note on Recurrent Historical Identifiers,"PROVENANCE
This catalog note covers selected commercial, medical-enterprise, and natural-history papers dated 1911–1971. The originals come from three separately acquired collections and have not been merged physically.

CATALOG FINDING
Records attributed to Adrian Vosmere, Jonah Bell, and Julien Marot repeatedly use the Wren Street forwarding address, refer to the same two commercial associates, and employ the phrase “make the conditions ordinary” in discussions of routes and ecological infrastructure. Signature comparison is suggestive but not conclusive because several items are copies or secretary-written drafts. Travel intervals overlap less than expected for three independent advisers, yet the archive contains gaps large enough to permit ordinary explanations.

INTERPRETATION
The bundle justifies an alias-continuity hypothesis and provides a bridge for later identity-resolution work. It does not certify that the names represent one person, and it does not connect the historical records to a species classification. Researchers should cite the individual document references and preserve the distinction between recurring context and proof.",public,ARC-2025-0216,0,1,0,0,0,0,1,0
PUB-510121,2019-08-15,official_repository,policy_memorandum,Kira Elen,Orison Medical Audit Board,Valenne Central District,Policy Review Memorandum 83,"ISSUE
Policy options for inspection coordination.

MANDATE AND EVIDENCE
The office reviewed appointment records, licensing data, audit findings, and public-interest submissions. Evidence quality varies by source.

OPTIONS
Maintain current practice, require enhanced disclosure, or commission an independent review. Each option has confidentiality and administrative costs.

RECOMMENDATION
Adopt a time-limited review with published criteria and an auditable decision record.

The matter concerns inspection coordination within the issuing body's documented mandate.

The evidence is preliminary and combines public records, official correspondence, and source-attributed observations.

Options were evaluated for legality, proportionality, confidentiality, and public-interest impact.

The document separates allegation, supported finding, and formal determination.

No restricted biological or operational conclusion is asserted without a source basis.

The recommended action is reviewable and leaves an auditable record.

The matter concerns inspection coordination within the issuing body's documented mandate.

The evidence is preliminary and combines public records, official correspondence, and source-attributed observations.

Options were evaluated for legality, proportionality, confidentiality, and public-interest impact.

The document separates allegation, supported finding, and formal determination.

No restricted biological or operational conclusion is asserted without a source basis.

The recommended action is reviewable and leaves an auditable record.

The matter concerns inspection coordination within the issuing body's documented mandate.

The evidence is preliminary and combines public records, official correspondence, and source-attributed observations.

Options were evaluated for legality, proportionality, confidentiality, and public-interest impact.

The document separates allegation, supported finding, and formal determination.

No restricted biological or operational conclusion is asserted without a source basis.

The recommended action is reviewable and leaves an auditable record.

SCOPE NOTE
Non-terrestrial observations in this memorandum mean satellite-derived environmental data, not transport beyond Earth.",public,REF-2019-07083,0,0,0,1,0,0,1,0
PUB-510103,2022-01-22,official_repository,policy_memorandum,Kellan Orell,Office of the Kintara Chancellor,Kintara Republic,Policy Review Memorandum 84,"ISSUE
Policy options for licensing review.

MANDATE AND EVIDENCE
The office reviewed appointment records, licensing data, audit findings, and public-interest submissions. Evidence quality varies by source.

OPTIONS
Maintain current practice, require enhanced disclosure, or commission an independent review. Each option has confidentiality and administrative costs.

RECOMMENDATION
Adopt a time-limited review with published criteria and an auditable decision record.

The matter concerns licensing review within the issuing body's documented mandate.

The evidence is preliminary and combines public records, official correspondence, and source-attributed observations.

Options were evaluated for legality, proportionality, confidentiality, and public-interest impact.

The document separates allegation, supported finding, and formal determination.

No restricted biological or operational conclusion is asserted without a source basis.

The recommended action is reviewable and leaves an auditable record.

The matter concerns licensing review within the issuing body's documented mandate.

The evidence is preliminary and combines public records, official correspondence, and source-attributed observations.

Options were evaluated for legality, proportionality, confidentiality, and public-interest impact.

The document separates allegation, supported finding, and formal determination.

No restricted biological or operational conclusion is asserted without a source basis.

The recommended action is reviewable and leaves an auditable record.

The matter concerns licensing review within the issuing body's documented mandate.

The evidence is preliminary and combines public records, official correspondence, and source-attributed observations.

Options were evaluated for legality, proportionality, confidentiality, and public-interest impact.

The document separates allegation, supported finding, and formal determination.

No restricted biological or operational conclusion is asserted without a source basis.

The recommended action is reviewable and leaves an auditable record.",public,REF-2022-07084,0,0,0,1,0,0,1,0
PUB-510084,2025-06-02,official_repository,policy_memorandum,Zalia Maren,Avelora Ministry of Strategic Resources,Avelora Federation,Policy Review Memorandum 85,"ISSUE
Policy options for public-record access.

MANDATE AND EVIDENCE
The office reviewed appointment records, licensing data, audit findings, and public-interest submissions. Evidence quality varies by source.

OPTIONS
Maintain current practice, require enhanced disclosure, or commission an independent review. Each option has confidentiality and administrative costs.

RECOMMENDATION
Adopt a time-limited review with published criteria and an auditable decision record.

The matter concerns public-record access within the issuing body's documented mandate.

The evidence is preliminary and combines public records, official correspondence, and source-attributed observations.

Options were evaluated for legality, proportionality, confidentiality, and public-interest impact.

The document separates allegation, supported finding, and formal determination.

No restricted biological or operational conclusion is asserted without a source basis.

The recommended action is reviewable and leaves an auditable record.

The matter concerns public-record access within the issuing body's documented mandate.

The evidence is preliminary and combines public records, official correspondence, and source-attributed observations.

Options were evaluated for legality, proportionality, confidentiality, and public-interest impact.

The document separates allegation, supported finding, and formal determination.

No restricted biological or operational conclusion is asserted without a source basis.

The recommended action is reviewable and leaves an auditable record.

The matter concerns public-record access within the issuing body's documented mandate.

The evidence is preliminary and combines public records, official correspondence, and source-attributed observations.

Options were evaluated for legality, proportionality, confidentiality, and public-interest impact.

The document separates allegation, supported finding, and formal determination.

No restricted biological or operational conclusion is asserted without a source basis.

The recommended action is reviewable and leaves an auditable record.",public,REF-2025-07085,0,0,0,1,0,0,1,0
PUB-510005,2020-11-09,official_repository,public_statement,Sena Grell,Tembara Coastal Administration,Tembara Commonwealth,Public Statement 86,"PUBLIC STATEMENT
The authority acknowledges public concern regarding environmental compliance.

POSITION
Current evidence supports continued review but not a final determination. The authority will protect legitimate confidentiality while requiring compliance with applicable rules.

ACTION
Relevant records will be preserved, and a summary of confirmed findings will be published when the review is complete.

The matter concerns environmental compliance within the issuing body's documented mandate.

The evidence is preliminary and combines public records, official correspondence, and source-attributed observations.

Options were evaluated for legality, proportionality, confidentiality, and public-interest impact.

The document separates allegation, supported finding, and formal determination.

No restricted biological or operational conclusion is asserted without a source basis.

The recommended action is reviewable and leaves an auditable record.

The matter concerns environmental compliance within the issuing body's documented mandate.",public,REF-2020-07086,0,0,0,1,0,0,1,0
PUB-510017,2023-04-16,official_repository,public_statement,Yorin Garen,Avelora Council of State,Avelora Federation,Public Statement 87,"PUBLIC STATEMENT
The authority acknowledges public concern regarding appointment transparency.

POSITION
Current evidence supports continued review but not a final determination. The authority will protect legitimate confidentiality while requiring compliance with applicable rules.

ACTION
Relevant records will be preserved, and a summary of confirmed findings will be published when the review is complete.

The matter concerns appointment transparency within the issuing body's documented mandate.

The evidence is preliminary and combines public records, official correspondence, and source-attributed observations.

Options were evaluated for legality, proportionality, confidentiality, and public-interest impact.

The document separates allegation, supported finding, and formal determination.

No restricted biological or operational conclusion is asserted without a source basis.

The recommended action is reviewable and leaves an auditable record.

The matter concerns appointment transparency within the issuing body's documented mandate.",restricted,REF-2023-07087,0,0,0,1,0,0,0,1
PUB-510104,2018-09-23,official_repository,public_statement,Gita Aren,Whitehaven Strategic Holdings,Meridian Valenne Headquarters,Public Statement 88,"PUBLIC STATEMENT
The authority acknowledges public concern regarding health-programme oversight.

POSITION
Current evidence supports continued review but not a final determination. The authority will protect legitimate confidentiality while requiring compliance with applicable rules.

ACTION
Relevant records will be preserved, and a summary of confirmed findings will be published when the review is complete.

The matter concerns health-programme oversight within the issuing body's documented mandate.

The evidence is preliminary and combines public records, official correspondence, and source-attributed observations.

Options were evaluated for legality, proportionality, confidentiality, and public-interest impact.

The document separates allegation, supported finding, and formal determination.

No restricted biological or operational conclusion is asserted without a source basis.

The recommended action is reviewable and leaves an auditable record.

The matter concerns health-programme oversight within the issuing body's documented mandate.",public,REF-2018-07088,0,0,0,1,0,0,1,0
PUB-510049,2021-02-03,official_repository,confidential_briefing,Bela Waren,Kintara Cave and Pollinator Authority,Kintara Cave Authority Field Depot,Confidential Review Briefing 89,"PURPOSE
Restricted briefing on inspection coordination.

SOURCES
The review combines official records, attributed interviews, and preliminary analytical comparisons.

FINDINGS
Several patterns merit follow-up, but ordinary administrative and commercial explanations remain plausible.

UNCERTAINTY
Access is incomplete, and no single record is decisive.

OPTIONS AND HANDLING
Seek targeted records, preserve confidentiality, and avoid public characterization before corroboration.

The matter concerns inspection coordination within the issuing body's documented mandate.

The evidence is preliminary and combines public records, official correspondence, and source-attributed observations.

Options were evaluated for legality, proportionality, confidentiality, and public-interest impact.

The document separates allegation, supported finding, and formal determination.

No restricted biological or operational conclusion is asserted without a source basis.

The recommended action is reviewable and leaves an auditable record.

The matter concerns inspection coordination within the issuing body's documented mandate.

The evidence is preliminary and combines public records, official correspondence, and source-attributed observations.

Options were evaluated for legality, proportionality, confidentiality, and public-interest impact.

The document separates allegation, supported finding, and formal determination.

No restricted biological or operational conclusion is asserted without a source basis.

The recommended action is reviewable and leaves an auditable record.

The matter concerns inspection coordination within the issuing body's documented mandate.

The evidence is preliminary and combines public records, official correspondence, and source-attributed observations.

Options were evaluated for legality, proportionality, confidentiality, and public-interest impact.

The document separates allegation, supported finding, and formal determination.

No restricted biological or operational conclusion is asserted without a source basis.

The recommended action is reviewable and leaves an auditable record.",restricted,REF-2021-07089,0,0,0,1,0,0,0,1
PUB-510034,2024-07-10,official_repository,official_correspondence,Farah Ferran,Tembara Biodiversity Service,Tembara Coastal Cluster,Official Records Correspondence 90,"REFERENCE
Official correspondence concerning licensing review.

BASIS
The request is made under the issuing body's records and oversight authority.

REQUEST
Please preserve the relevant files, identify the responsible officer, and provide a response within thirty days.

ACTION
The matter will remain preliminary pending review of the supplied records.

The matter concerns licensing review within the issuing body's documented mandate.

The evidence is preliminary and combines public records, official correspondence, and source-attributed observations.

Options were evaluated for legality, proportionality, confidentiality, and public-interest impact.

The document separates allegation, supported finding, and formal determination.

No restricted biological or operational conclusion is asserted without a source basis.",public,REF-2024-07090,0,0,0,1,0,0,1,0
PUB-510085,2019-12-17,official_repository,official_correspondence,Vera Cevan,Valenne Industrial Futures Council,Valenne Central District,Official Records Correspondence 91,"REFERENCE
Official correspondence concerning public-record access.

BASIS
The request is made under the issuing body's records and oversight authority.

REQUEST
Please preserve the relevant files, identify the responsible officer, and provide a response within thirty days.

ACTION
The matter will remain preliminary pending review of the supplied records.

The matter concerns public-record access within the issuing body's documented mandate.

The evidence is preliminary and combines public records, official correspondence, and source-attributed observations.

Options were evaluated for legality, proportionality, confidentiality, and public-interest impact.

The document separates allegation, supported finding, and formal determination.

No restricted biological or operational conclusion is asserted without a source basis.",public,REF-2019-07091,0,0,0,1,0,0,1,0
PUB-510024,2022-05-24,official_repository,meeting_minutes,Olia Aren,Vale Strategy Collective,Vale Strategy Valenne Office,Oversight Committee Minutes 92,"MEETING MINUTES
Committee session on environmental compliance.

ATTENDEES AND AGENDA
Officials, technical advisers, and records staff reviewed the mandate, available evidence, and disclosure options.

DISCUSSION
Members distinguished verified facts from allegations and noted gaps in private records.

DECISIONS
Commission a limited audit, publish the review criteria, and return with findings at the next session.

The matter concerns environmental compliance within the issuing body's documented mandate.

The evidence is preliminary and combines public records, official correspondence, and source-attributed observations.

Options were evaluated for legality, proportionality, confidentiality, and public-interest impact.

The document separates allegation, supported finding, and formal determination.

No restricted biological or operational conclusion is asserted without a source basis.

The recommended action is reviewable and leaves an auditable record.

The matter concerns environmental compliance within the issuing body's documented mandate.

The evidence is preliminary and combines public records, official correspondence, and source-attributed observations.

Options were evaluated for legality, proportionality, confidentiality, and public-interest impact.

The document separates allegation, supported finding, and formal determination.

No restricted biological or operational conclusion is asserted without a source basis.

The recommended action is reviewable and leaves an auditable record.

The matter concerns environmental compliance within the issuing body's documented mandate.

The evidence is preliminary and combines public records, official correspondence, and source-attributed observations.

Options were evaluated for legality, proportionality, confidentiality, and public-interest impact.

The document separates allegation, supported finding, and formal determination.

No restricted biological or operational conclusion is asserted without a source basis.

The recommended action is reviewable and leaves an auditable record.

The matter concerns environmental compliance within the issuing body's documented mandate.",public,REF-2022-07092,0,0,0,1,0,0,1,0
PUB-510068,2025-10-04,official_repository,meeting_minutes,Daria Garen,Helix Legal and Compliance,Nordhaven Maritime District,Oversight Committee Minutes 93,"MEETING MINUTES
Committee session on appointment transparency.

ATTENDEES AND AGENDA
Officials, technical advisers, and records staff reviewed the mandate, available evidence, and disclosure options.

DISCUSSION
Members distinguished verified facts from allegations and noted gaps in private records.

DECISIONS
Commission a limited audit, publish the review criteria, and return with findings at the next session.

The matter concerns appointment transparency within the issuing body's documented mandate.

The evidence is preliminary and combines public records, official correspondence, and source-attributed observations.

Options were evaluated for legality, proportionality, confidentiality, and public-interest impact.

The document separates allegation, supported finding, and formal determination.

No restricted biological or operational conclusion is asserted without a source basis.

The recommended action is reviewable and leaves an auditable record.

The matter concerns appointment transparency within the issuing body's documented mandate.

The evidence is preliminary and combines public records, official correspondence, and source-attributed observations.

Options were evaluated for legality, proportionality, confidentiality, and public-interest impact.

The document separates allegation, supported finding, and formal determination.

No restricted biological or operational conclusion is asserted without a source basis.

The recommended action is reviewable and leaves an auditable record.

The matter concerns appointment transparency within the issuing body's documented mandate.

The evidence is preliminary and combines public records, official correspondence, and source-attributed observations.

Options were evaluated for legality, proportionality, confidentiality, and public-interest impact.

The document separates allegation, supported finding, and formal determination.

No restricted biological or operational conclusion is asserted without a source basis.

The recommended action is reviewable and leaves an auditable record.

The matter concerns appointment transparency within the issuing body's documented mandate.",public,REF-2025-07093,0,0,0,1,0,0,1,0
PUB-510111,2020-03-11,public_interest_archive,campaign_statement,Mara Venn,Lantern Investigative Bureau,Valenne Central District,Campaign Statement 94,"PROBLEM
Our coalition is concerned about public-interest disclosure and its impact on communities and ecological monitoring.

EVIDENCE
Public records show inconsistent disclosure and repeated delays. These facts justify scrutiny but do not by themselves prove a concealed programme.

DEMAND
Publish the relevant permits, contracts, and monitoring methods.

ACTION
Support independent review and community access to the evidence.

The document addresses public-interest disclosure using attributed records, interviews, and publicly reviewable evidence.

Claims are separated from unresolved leads, and ordinary institutional explanations remain visible.

The author calls for independent verification, transparent records, and proportionate accountability.

Shared climate or justice vocabulary is not treated as proof of a common hidden command.

The document does not claim a complete solution to the wider pattern.

Further work depends on corroborating dates, relationships, and source-local references.

The document addresses public-interest disclosure using attributed records, interviews, and publicly reviewable evidence.

Claims are separated from unresolved leads, and ordinary institutional explanations remain visible.

The author calls for independent verification, transparent records, and proportionate accountability.

Shared climate or justice vocabulary is not treated as proof of a common hidden command.

Jacob Vale has publicly endorsed the records request, alongside several independent human campaigners who reached the same position for ordinary civic reasons.",restricted,REF-2020-07094,0,0,0,0,0,1,0,1
PUB-510073,2023-08-18,public_interest_archive,campaign_statement,Selene Aras,Threshold Earth Observatory,Threshold Earth Avelora Laboratory,Campaign Statement 95,"PROBLEM
Our coalition is concerned about agricultural justice and its impact on communities and ecological monitoring.

EVIDENCE
Public records show inconsistent disclosure and repeated delays. These facts justify scrutiny but do not by themselves prove a concealed programme.

DEMAND
Publish the relevant permits, contracts, and monitoring methods.

ACTION
Support independent review and community access to the evidence.

The document addresses agricultural justice using attributed records, interviews, and publicly reviewable evidence.

Claims are separated from unresolved leads, and ordinary institutional explanations remain visible.

The author calls for independent verification, transparent records, and proportionate accountability.

Shared climate or justice vocabulary is not treated as proof of a common hidden command.

The document does not claim a complete solution to the wider pattern.

Further work depends on corroborating dates, relationships, and source-local references.

The document addresses agricultural justice using attributed records, interviews, and publicly reviewable evidence.

Claims are separated from unresolved leads, and ordinary institutional explanations remain visible.

The author calls for independent verification, transparent records, and proportionate accountability.

Shared climate or justice vocabulary is not treated as proof of a common hidden command.",public,REF-2023-07095,0,0,0,0,0,1,1,0
PUB-510051,2018-01-25,public_interest_archive,campaign_statement,Anika Dren,Horizon Field Research Cooperative,Eastern Avelora Agricultural Cluster,Campaign Statement 96,"PROBLEM
Our coalition is concerned about climate accountability and its impact on communities and ecological monitoring.

EVIDENCE
Public records show inconsistent disclosure and repeated delays. These facts justify scrutiny but do not by themselves prove a concealed programme.

DEMAND
Publish the relevant permits, contracts, and monitoring methods.

ACTION
Support independent review and community access to the evidence.

The document addresses climate accountability using attributed records, interviews, and publicly reviewable evidence.

Claims are separated from unresolved leads, and ordinary institutional explanations remain visible.

The author calls for independent verification, transparent records, and proportionate accountability.

Shared climate or justice vocabulary is not treated as proof of a common hidden command.

The document does not claim a complete solution to the wider pattern.

Further work depends on corroborating dates, relationships, and source-local references.

The document addresses climate accountability using attributed records, interviews, and publicly reviewable evidence.

Claims are separated from unresolved leads, and ordinary institutional explanations remain visible.

The author calls for independent verification, transparent records, and proportionate accountability.

Shared climate or justice vocabulary is not treated as proof of a common hidden command.",public,REF-2018-07096,0,0,0,0,0,1,1,0
PUB-510071,2021-06-05,public_interest_archive,open_letter,Jora Menne,Lantern Investigative Bureau,Valenne Central District,Open Letter on Public Records 97,"TO THE RESPONSIBLE INSTITUTIONS
We write concerning community monitoring.

CONCERN
Communities cannot evaluate decisions when records are fragmented across agencies and companies.

SUPPORTING FACTS
Available filings, survey reports, and case records show unresolved discrepancies and uneven disclosure.

REQUEST
Preserve the records, commission an independent review, and publish a reasoned response.

The document addresses community monitoring using attributed records, interviews, and publicly reviewable evidence.

Claims are separated from unresolved leads, and ordinary institutional explanations remain visible.

The author calls for independent verification, transparent records, and proportionate accountability.

Shared climate or justice vocabulary is not treated as proof of a common hidden command.

The document does not claim a complete solution to the wider pattern.

Further work depends on corroborating dates, relationships, and source-local references.

The document addresses community monitoring using attributed records, interviews, and publicly reviewable evidence.

Claims are separated from unresolved leads, and ordinary institutional explanations remain visible.

The author calls for independent verification, transparent records, and proportionate accountability.

Shared climate or justice vocabulary is not treated as proof of a common hidden command.

The document does not claim a complete solution to the wider pattern.

Further work depends on corroborating dates, relationships, and source-local references.

The document addresses community monitoring using attributed records, interviews, and publicly reviewable evidence.

Claims are separated from unresolved leads, and ordinary institutional explanations remain visible.

The author calls for independent verification, transparent records, and proportionate accountability.

Shared climate or justice vocabulary is not treated as proof of a common hidden command.

The document does not claim a complete solution to the wider pattern.",public,REF-2021-07097,0,0,0,0,0,1,1,0
PUB-510052,2024-11-12,public_interest_archive,open_letter,Daria Zaven,Asterion Clinical Institute,Asterion Central Clinical Campus,Open Letter on Public Records 98,"TO THE RESPONSIBLE INSTITUTIONS
We write concerning corporate transparency.

CONCERN
Communities cannot evaluate decisions when records are fragmented across agencies and companies.

SUPPORTING FACTS
Available filings, survey reports, and case records show unresolved discrepancies and uneven disclosure.

REQUEST
Preserve the records, commission an independent review, and publish a reasoned response.

The document addresses corporate transparency using attributed records, interviews, and publicly reviewable evidence.

Claims are separated from unresolved leads, and ordinary institutional explanations remain visible.

The author calls for independent verification, transparent records, and proportionate accountability.

Shared climate or justice vocabulary is not treated as proof of a common hidden command.

The document does not claim a complete solution to the wider pattern.

Further work depends on corroborating dates, relationships, and source-local references.

The document addresses corporate transparency using attributed records, interviews, and publicly reviewable evidence.

Claims are separated from unresolved leads, and ordinary institutional explanations remain visible.

The author calls for independent verification, transparent records, and proportionate accountability.

Shared climate or justice vocabulary is not treated as proof of a common hidden command.

The document does not claim a complete solution to the wider pattern.

Further work depends on corroborating dates, relationships, and source-local references.

The document addresses corporate transparency using attributed records, interviews, and publicly reviewable evidence.

Claims are separated from unresolved leads, and ordinary institutional explanations remain visible.

The author calls for independent verification, transparent records, and proportionate accountability.

Shared climate or justice vocabulary is not treated as proof of a common hidden command.

The document does not claim a complete solution to the wider pattern.",restricted,REF-2024-07098,0,0,0,0,0,1,0,1
PUB-510056,2019-04-19,public_interest_archive,open_letter,unknown,Threshold Earth Observatory,Threshold Earth Avelora Laboratory,Open Letter on Public Records 99,"TO THE RESPONSIBLE INSTITUTIONS
We write concerning habitat protection.

CONCERN
Communities cannot evaluate decisions when records are fragmented across agencies and companies.

SUPPORTING FACTS
Available filings, survey reports, and case records show unresolved discrepancies and uneven disclosure.

REQUEST
Preserve the records, commission an independent review, and publish a reasoned response.

The document addresses habitat protection using attributed records, interviews, and publicly reviewable evidence.

Claims are separated from unresolved leads, and ordinary institutional explanations remain visible.

The author calls for independent verification, transparent records, and proportionate accountability.

Shared climate or justice vocabulary is not treated as proof of a common hidden command.

The document does not claim a complete solution to the wider pattern.

Further work depends on corroborating dates, relationships, and source-local references.

The document addresses habitat protection using attributed records, interviews, and publicly reviewable evidence.

Claims are separated from unresolved leads, and ordinary institutional explanations remain visible.

The author calls for independent verification, transparent records, and proportionate accountability.

Shared climate or justice vocabulary is not treated as proof of a common hidden command.

The document does not claim a complete solution to the wider pattern.

Further work depends on corroborating dates, relationships, and source-local references.

The document addresses habitat protection using attributed records, interviews, and publicly reviewable evidence.

Claims are separated from unresolved leads, and ordinary institutional explanations remain visible.

The author calls for independent verification, transparent records, and proportionate accountability.

Shared climate or justice vocabulary is not treated as proof of a common hidden command.

The document does not claim a complete solution to the wider pattern.",public,REF-2019-07099,0,0,0,0,0,1,1,0
PUB-510078,2022-09-26,public_interest_archive,witness_testimony,Wira Soren,Common Ground Climate Forum,Valenne Central District,Witness Testimony 100,"CONTEXT
I am providing testimony about public-interest disclosure based on my direct role during the recorded period.

OBSERVATIONS
I saw delayed records, inconsistent instructions, and staff uncertainty about which office owned the case. I did not observe a hidden biological or transport programme.

LIMITS
My access was limited, and some details were learned from others.

IMPACT
The uncertainty affected public confidence and ordinary work. I request verification against the source records.

The document addresses public-interest disclosure using attributed records, interviews, and publicly reviewable evidence.

Claims are separated from unresolved leads, and ordinary institutional explanations remain visible.

The author calls for independent verification, transparent records, and proportionate accountability.

Shared climate or justice vocabulary is not treated as proof of a common hidden command.

The document does not claim a complete solution to the wider pattern.

Further work depends on corroborating dates, relationships, and source-local references.

The document addresses public-interest disclosure using attributed records, interviews, and publicly reviewable evidence.

Claims are separated from unresolved leads, and ordinary institutional explanations remain visible.

The author calls for independent verification, transparent records, and proportionate accountability.

Shared climate or justice vocabulary is not treated as proof of a common hidden command.

The document does not claim a complete solution to the wider pattern.

Further work depends on corroborating dates, relationships, and source-local references.

The document addresses public-interest disclosure using attributed records, interviews, and publicly reviewable evidence.

Claims are separated from unresolved leads, and ordinary institutional explanations remain visible.

The author calls for independent verification, transparent records, and proportionate accountability.",public,REF-2022-07100,0,0,0,0,0,1,1,0
PUB-510066,2025-02-06,public_interest_archive,witness_testimony,Doran Wessen,Pollinator Justice Network,Eastern Avelora Agricultural Cluster,Witness Testimony 101,"CONTEXT
I am providing testimony about agricultural justice based on my direct role during the recorded period.

OBSERVATIONS
I saw delayed records, inconsistent instructions, and staff uncertainty about which office owned the case. I did not observe a hidden biological or transport programme.

LIMITS
My access was limited, and some details were learned from others.

IMPACT
The uncertainty affected public confidence and ordinary work. I request verification against the source records.

The document addresses agricultural justice using attributed records, interviews, and publicly reviewable evidence.

Claims are separated from unresolved leads, and ordinary institutional explanations remain visible.

The author calls for independent verification, transparent records, and proportionate accountability.

Shared climate or justice vocabulary is not treated as proof of a common hidden command.

The document does not claim a complete solution to the wider pattern.

Further work depends on corroborating dates, relationships, and source-local references.

The document addresses agricultural justice using attributed records, interviews, and publicly reviewable evidence.

Claims are separated from unresolved leads, and ordinary institutional explanations remain visible.

The author calls for independent verification, transparent records, and proportionate accountability.

Shared climate or justice vocabulary is not treated as proof of a common hidden command.

The document does not claim a complete solution to the wider pattern.

Further work depends on corroborating dates, relationships, and source-local references.

The document addresses agricultural justice using attributed records, interviews, and publicly reviewable evidence.

Claims are separated from unresolved leads, and ordinary institutional explanations remain visible.

The author calls for independent verification, transparent records, and proportionate accountability.",restricted,REF-2025-07101,0,0,0,0,0,1,0,1
PUB-510015,2020-07-13,public_interest_archive,witness_testimony,Yorin Serin,Lantern Investigative Bureau,Valenne Central District,Witness Testimony 102,"CONTEXT
I am providing testimony about climate accountability based on my direct role during the recorded period.

OBSERVATIONS
I saw delayed records, inconsistent instructions, and staff uncertainty about which office owned the case. I did not observe a hidden biological or transport programme.

LIMITS
My access was limited, and some details were learned from others.

IMPACT
The uncertainty affected public confidence and ordinary work. I request verification against the source records.

The document addresses climate accountability using attributed records, interviews, and publicly reviewable evidence.

Claims are separated from unresolved leads, and ordinary institutional explanations remain visible.

The author calls for independent verification, transparent records, and proportionate accountability.

Shared climate or justice vocabulary is not treated as proof of a common hidden command.

The document does not claim a complete solution to the wider pattern.

Further work depends on corroborating dates, relationships, and source-local references.

The document addresses climate accountability using attributed records, interviews, and publicly reviewable evidence.

Claims are separated from unresolved leads, and ordinary institutional explanations remain visible.

The author calls for independent verification, transparent records, and proportionate accountability.

Shared climate or justice vocabulary is not treated as proof of a common hidden command.

The document does not claim a complete solution to the wider pattern.

Further work depends on corroborating dates, relationships, and source-local references.

The document addresses climate accountability using attributed records, interviews, and publicly reviewable evidence.

Claims are separated from unresolved leads, and ordinary institutional explanations remain visible.

The author calls for independent verification, transparent records, and proportionate accountability.",public,REF-2020-07102,0,0,0,0,0,1,1,0
PUB-510108,2023-12-20,public_interest_archive,investigative_note,Jora Vela,Horizon Field Research Cooperative,Eastern Avelora Agricultural Cluster,Investigative Working Note 103,"LEAD
Possible inconsistency related to community monitoring.

EVIDENCE
A filing date, facility reference, and named associate recur across several documents. Each link is individually ordinary.

GAPS
The records do not establish common control, and one source may be mistaken.

NEXT STEPS
Verify the dates, obtain the original file, and compare with unrelated controls before publication.

The document addresses community monitoring using attributed records, interviews, and publicly reviewable evidence.

Claims are separated from unresolved leads, and ordinary institutional explanations remain visible.

The author calls for independent verification, transparent records, and proportionate accountability.

Shared climate or justice vocabulary is not treated as proof of a common hidden command.

The document does not claim a complete solution to the wider pattern.

Further work depends on corroborating dates, relationships, and source-local references.

The document addresses community monitoring using attributed records, interviews, and publicly reviewable evidence.

Claims are separated from unresolved leads, and ordinary institutional explanations remain visible.

The author calls for independent verification, transparent records, and proportionate accountability.

Shared climate or justice vocabulary is not treated as proof of a common hidden command.

The document does not claim a complete solution to the wider pattern.",public,REF-2023-07103,0,0,0,0,0,1,1,0
PUB-510057,2018-05-27,public_interest_archive,investigative_note,Calen Jaren,Threshold Earth Observatory,Threshold Earth Avelora Laboratory,Investigative Working Note 104,"LEAD
Possible inconsistency related to corporate transparency.

EVIDENCE
A filing date, facility reference, and named associate recur across several documents. Each link is individually ordinary.

GAPS
The records do not establish common control, and one source may be mistaken.

NEXT STEPS
Verify the dates, obtain the original file, and compare with unrelated controls before publication.

The document addresses corporate transparency using attributed records, interviews, and publicly reviewable evidence.

Claims are separated from unresolved leads, and ordinary institutional explanations remain visible.

The author calls for independent verification, transparent records, and proportionate accountability.

Shared climate or justice vocabulary is not treated as proof of a common hidden command.

The document does not claim a complete solution to the wider pattern.

Further work depends on corroborating dates, relationships, and source-local references.

The document addresses corporate transparency using attributed records, interviews, and publicly reviewable evidence.

Claims are separated from unresolved leads, and ordinary institutional explanations remain visible.

The author calls for independent verification, transparent records, and proportionate accountability.

Shared climate or justice vocabulary is not treated as proof of a common hidden command.

The document does not claim a complete solution to the wider pattern.",public,REF-2018-07104,0,0,0,0,0,1,1,0
PUB-510023,2021-10-07,public_interest_archive,whistleblower_message,Miran Zorin,Common Ground Climate Forum,Valenne Central District,Source Message 105,"I worked near the process concerning habitat protection. Records were sometimes split between ordinary and restricted folders, and staff used inconsistent instructions. I can provide two source references, but I did not have access to executive decisions.

Please verify the material independently. My account may explain a documentation problem; it does not establish a complete hidden network.

The document addresses habitat protection using attributed records, interviews, and publicly reviewable evidence.

Claims are separated from unresolved leads, and ordinary institutional explanations remain visible.

The author calls for independent verification, transparent records, and proportionate accountability.

Shared climate or justice vocabulary is not treated as proof of a common hidden command.

The document does not claim a complete solution to the wider pattern.",public,REF-2021-07105,0,0,0,0,0,1,1,0
PUB-510070,2024-03-14,public_interest_archive,research_summary,Farah Norel,Pollinator Justice Network,Eastern Avelora Agricultural Cluster,Research Summary 106,"QUESTION
What do the available records show about public-interest disclosure?

DATA AND METHOD
Public filings, reports, correspondence, and case histories were compared by date, institution, and repeated terminology.

FINDINGS
The records reveal recurring relationships and disclosure gaps, but the same language also appears in ordinary human campaigns and institutions.

LIMITATIONS
Authorship, selection, and incomplete archives limit causal interpretation.

The document addresses public-interest disclosure using attributed records, interviews, and publicly reviewable evidence.

Claims are separated from unresolved leads, and ordinary institutional explanations remain visible.

The author calls for independent verification, transparent records, and proportionate accountability.

Shared climate or justice vocabulary is not treated as proof of a common hidden command.

The document does not claim a complete solution to the wider pattern.

Further work depends on corroborating dates, relationships, and source-local references.

The document addresses public-interest disclosure using attributed records, interviews, and publicly reviewable evidence.

Claims are separated from unresolved leads, and ordinary institutional explanations remain visible.

The author calls for independent verification, transparent records, and proportionate accountability.

Shared climate or justice vocabulary is not treated as proof of a common hidden command.

The document does not claim a complete solution to the wider pattern.

Further work depends on corroborating dates, relationships, and source-local references.

The document addresses public-interest disclosure using attributed records, interviews, and publicly reviewable evidence.

Claims are separated from unresolved leads, and ordinary institutional explanations remain visible.

The author calls for independent verification, transparent records, and proportionate accountability.

Shared climate or justice vocabulary is not treated as proof of a common hidden command.

TERMINOLOGY CAUTION
One public forum used Chamaeleonidian as a metaphor for institutions that change their message; the usage is unverified and has no biological evidentiary value.",public,REF-2024-07106,0,0,0,0,0,1,1,0
PUB-510072,2019-08-21,public_interest_archive,research_summary,Xara Orell,Lantern Investigative Bureau,Valenne Central District,Research Summary 107,"QUESTION
What do the available records show about agricultural justice?

DATA AND METHOD
Public filings, reports, correspondence, and case histories were compared by date, institution, and repeated terminology.

FINDINGS
The records reveal recurring relationships and disclosure gaps, but the same language also appears in ordinary human campaigns and institutions.

LIMITATIONS
Authorship, selection, and incomplete archives limit causal interpretation.

The document addresses agricultural justice using attributed records, interviews, and publicly reviewable evidence.

Claims are separated from unresolved leads, and ordinary institutional explanations remain visible.

The author calls for independent verification, transparent records, and proportionate accountability.

Shared climate or justice vocabulary is not treated as proof of a common hidden command.

The document does not claim a complete solution to the wider pattern.

Further work depends on corroborating dates, relationships, and source-local references.

The document addresses agricultural justice using attributed records, interviews, and publicly reviewable evidence.

Claims are separated from unresolved leads, and ordinary institutional explanations remain visible.

The author calls for independent verification, transparent records, and proportionate accountability.

Shared climate or justice vocabulary is not treated as proof of a common hidden command.

The document does not claim a complete solution to the wider pattern.

Further work depends on corroborating dates, relationships, and source-local references.

The document addresses agricultural justice using attributed records, interviews, and publicly reviewable evidence.

Claims are separated from unresolved leads, and ordinary institutional explanations remain visible.

The author calls for independent verification, transparent records, and proportionate accountability.

Shared climate or justice vocabulary is not treated as proof of a common hidden command.",restricted,REF-2019-07107,0,0,0,0,0,1,0,1
PUB-510041,1960-01-01,historical_archive,corporate_archive,Adrian Vosmere,Vosmere Biotechnics,Nordhaven Union,Corporate Archive Catalog Note 108,"PROVENANCE
Catalog note for meeting archive. The file contains copied correspondence, ledgers, and a later finding aid.

EXTRACT
Several addresses and associates recur across the bundle, while signatures vary and some pages were prepared by secretaries.

CATALOG NOTE
The recurrence supports further research but not an identity determination.

The archival item relates to meeting archive and is presented with provenance and transcription limits.

Names, dates, addresses, roles, and repeated phrases are recorded without converting resemblance into identity proof.

Later catalog notes are clearly separated from the original record.

Damage, copying, secretarial authorship, and incomplete holdings limit interpretation.

The item may support a historical lead but cannot establish a modern biological conclusion.",restricted,REF-1960-07108,1,0,0,0,0,0,0,1
PUB-510083,1967-04-06,historical_archive,historical_letter,Elira Vaun,Avelora Council of State,Avelora Federation,Historical Correspondence 109,"Dear Colleague,

I received the schedule concerning personal travel notes. Please retain the original names in the ledger and send the corrected route notice by the ordinary post. The committee remains divided over expansion, and I do not expect a decision before winter.

Yours faithfully,
A correspondent

ARCHIVAL NOTE
The paper and date are consistent with the collection; the sender attribution remains provisional.

The archival item relates to personal travel notes and is presented with provenance and transcription limits.

Names, dates, addresses, roles, and repeated phrases are recorded without converting resemblance into identity proof.

Later catalog notes are clearly separated from the original record.

Damage, copying, secretarial authorship, and incomplete holdings limit interpretation.

The item may support a historical lead but cannot establish a modern biological conclusion.",restricted,REF-1967-07109,1,0,0,0,0,0,0,1
PUB-510004,1974-07-11,historical_archive,registry_extract,Julien Marot,Marot Ecological Policy Office,Valenne Republic,Registry Extract 110,"REGISTRY EXTRACT
Reference to commercial correspondence.

RECORDED FACTS
The registry records a name, date, commercial role, and service address. A later margin entry notes cessation of the appointment.

CERTIFICATION
This extract reproduces recorded facts only and makes no identity or biological interpretation.

The archival item relates to commercial correspondence and is presented with provenance and transcription limits.

Names, dates, addresses, roles, and repeated phrases are recorded without converting resemblance into identity proof.

Later catalog notes are clearly separated from the original record.",public,REF-1974-07110,1,0,0,0,0,0,1,0
PUB-510040,1981-10-16,historical_archive,registry_extract,Mirek Talven,Tembara Coastal Administration,Tembara Commonwealth,Registry Extract 111,"REGISTRY EXTRACT
Reference to natural-history papers.

RECORDED FACTS
The registry records a name, date, commercial role, and service address. A later margin entry notes cessation of the appointment.

CERTIFICATION
This extract reproduces recorded facts only and makes no identity or biological interpretation.

The archival item relates to natural-history papers and is presented with provenance and transcription limits.

Names, dates, addresses, roles, and repeated phrases are recorded without converting resemblance into identity proof.

Later catalog notes are clearly separated from the original record.",restricted,REF-1981-07111,1,0,0,0,0,0,0,1
PUB-510001,1988-01-21,historical_archive,meeting_extract,Rayan Belen,Belen Agro-Industries,Kintara Republic,Historical Meeting Extract 112,"MEETING EXTRACT
Selected minutes concerning registry certification.

ATTENDEES
The secretary recorded directors, advisers, and a visiting natural-history representative.

DISCUSSION
Members debated financing, transport, and ecological conditions. The extract omits unrelated agenda items.

ARCHIVAL LIMIT
The original attendance sheet is incomplete.

The archival item relates to registry certification and is presented with provenance and transcription limits.

Names, dates, addresses, roles, and repeated phrases are recorded without converting resemblance into identity proof.

Later catalog notes are clearly separated from the original record.

Damage, copying, secretarial authorship, and incomplete holdings limit interpretation.

The item may support a historical lead but cannot establish a modern biological conclusion.

Researchers should cite the original reference and preserve uncertainty.

The archival item relates to registry certification and is presented with provenance and transcription limits.",public,REF-1988-07112,1,0,0,0,0,0,1,0
PUB-510127,1995-04-26,historical_archive,personal_note,Dr. Lysa Quen,Orison Medical Audit Board,Valenne Central District,Private Historical Note 113,"PRIVATE NOTE
I returned from the meeting concerning meeting archive. The same advisers appeared, though their titles have changed. I cannot tell whether the similarity is habit, instruction, or coincidence. I have kept the address card with the travel papers.

PROVENANCE
Undated fragment, assigned to the approximate period from adjacent documents.

The archival item relates to meeting archive and is presented with provenance and transcription limits.

Names, dates, addresses, roles, and repeated phrases are recorded without converting resemblance into identity proof.

CATALOG COMMENT
Unwabu is written on the margin, apparently the name of a coastal vessel or a folklore reference; the context is unrelated to modern programme governance.",public,REF-1995-07113,1,0,0,0,0,0,1,0
PUB-510046,1914-07-04,historical_archive,personal_note,Emil Warden,Warden Medical Ventures,Valenne Republic,Private Historical Note 114,"PRIVATE NOTE
I returned from the meeting concerning personal travel notes. The same advisers appeared, though their titles have changed. I cannot tell whether the similarity is habit, instruction, or coincidence. I have kept the address card with the travel papers.

PROVENANCE
Undated fragment, assigned to the approximate period from adjacent documents.

The archival item relates to personal travel notes and is presented with provenance and transcription limits.

Names, dates, addresses, roles, and repeated phrases are recorded without converting resemblance into identity proof.",public,REF-1914-07114,1,0,0,0,0,0,1,0
